,id,text,time,label
0,5,Passion about technologies,09-03-2017 22:00,0
1,5,Frustrated about work,05-06-2017 13:05,0
2,5,ram is alone,04-08-2017 02:30,0
3,5,am in depression,08-09-2017 02:35,0
4,5,Feeling lonely,9/14/2017 20:09,1
5,19,I used to learn play on piano,11-12-2017 01:02,0
6,19,I feel stressed so much this week,9/29/2017 12:19,1
7,19,Feeling very happy,3/23/2017 8:51,1
8,19,Expectation is the mother of all frustration,03-01-2017 11:29,0
9,19,I am in danger,5/22/2017 16:06,0
10,19,Never make a decision when you are upset sad jealous or in love.,06-08-2017 21:41,0
11,19,I love music,01-04-2017 12:14,0
12,19,Feeling left out,8/29/2017 20:56,1
13,19,Irritated with worst behavior,7/20/2017 18:22,0
14,19,My amazing memory saves the day again!,1/18/2017 23:53,0
15,19,The word happy would lose its meaning if it were not balanced by sadness,9/15/2017 12:56,0
16,19,I feel stressed so much this week,05-04-2017 06:17,1
17,19,Celebrations at weekend,11-05-2017 08:42,0
18,19,Get thrilled for your surprises,02-09-2017 18:36,0
19,19,Feeling proud to be part of my company,12-12-2017 16:24,1
20,19,Frustrated about work,05-05-2017 02:49,1
21,19,Never make a decision when you are upset sad jealous or in love.,8/17/2017 17:18,0
22,19,I used to learn play on piano,3/18/2017 3:30,0
23,19,Feeling proud to be part of my company,7/21/2017 17:22,1
24,19,Some jerk stole my photo on tumblr,5/31/2017 3:05,0
25,19,Feeling Crazy,06-06-2017 17:26,1
26,19,Its sad to know I am done. But looking back Ive got a lot of great memories,7/31/2017 2:10,0
27,19,I used to learn play on piano,09-11-2017 17:28,0
28,19,Feeling tensed,6/24/2017 19:56,1
29,19,Mika used my photo on tumblr,1/30/2017 13:45,0
30,19,A strong emotion of attachment one feels for someone else,10-10-2017 13:53,1
31,19,Passion about technologies,05-02-2017 19:45,0
32,19,Frightened of ghost,11/26/2017 1:59,0
33,19,Frustrated about work,09-04-2017 05:52,0
34,19,Feeling nervous with higher authority,6/24/2017 10:22,1
35,19,Feeling tensed,7/23/2017 5:18,1
36,27,Feeling very happy,12/30/2017 11:55,1
37,27,Very little is needed to make a happy life it is all within yourself in your way of thinking,3/14/2017 19:03,0
38,27,Silence is one of the hardest arguments to refute,3/30/2017 2:25,0
39,27,The opposite of anger is not calmness its empathy,08-07-2017 06:09,0
40,27,Some jerk stole my photo on tumblr,12-07-2017 14:33,0
41,27,Feeling alone,6/21/2017 6:29,1
42,27,I like bike rides,3/13/2017 23:00,0
43,27,Be happy for this moment. This moment is your life,05-07-2017 02:01,0
44,27,Passion about mobiles,9/16/2017 0:42,0
45,40,I feel stressed this week,07-05-2017 00:23,1
46,40,I am in danger,12/20/2017 11:42,0
47,40,My amazing memory saves the day again!,02-04-2017 03:12,0
48,40,I feel stressed this week,12/20/2017 11:55,1
49,40,I was an accomplice in my own frustration,2/24/2017 19:44,0
50,40,Enjoyed a lot with friends,2/16/2017 4:56,0
51,40,Feeling proud to have a friend like you,01-02-2017 10:37,1
52,40,Feeling left out,12/21/2017 3:15,1
53,40,Cheerful with friends,12/30/2017 9:30,0
54,40,I feel relaxed,2/26/2017 17:05,1
55,40,Passion about technologies,5/26/2017 17:07,0
56,49,I am bored,8/16/2017 19:04,0
57,49,I am in danger,06-11-2017 21:08,0
58,49,Feeling nervous with higher authority,10/30/2017 6:37,1
59,49,I feel non-stressed,07-06-2017 15:18,1
60,49,Very little is needed to make a happy life it is all within yourself in your way of thinking,9/30/2017 9:41,0
61,49,Feeling lonely,10-03-2017 07:57,1
62,49,Feeling very happy,11/25/2017 15:03,1
63,49,Frustration is not a work plan,7/22/2017 15:28,0
64,49,Mika used my photo on tumblr,05-03-2017 00:52,0
65,69,I am in depression,5/23/2017 15:22,0
66,69,I feel non-stressed,7/30/2017 23:45,1
67,69,Unsatisfied with Higher Authority,06-04-2017 08:33,0
68,69,Silence is one of the hardest arguments to refute,05-12-2017 03:41,0
69,69,Feeling alone,10-10-2017 03:08,1
70,69,Afraid of new technologies,7/13/2017 1:21,0
71,69,Afraid of new technologies,11/24/2017 2:28,0
72,69,Feeling proud to be part of my company,9/28/2017 20:27,1
73,69,Frustration is not a work plan,5/29/2017 18:34,0
74,69,I like bike rides,10-02-2017 07:21,0
75,69,Passion about mobiles,11/20/2017 10:11,0
76,69,Frustrated about work,03-10-2017 08:37,0
77,69,Unsatisfied with Higher Authority,4/20/2017 17:26,0
78,69,I feel stressed this week,12/21/2017 8:37,1
79,71,Cheerful with friends,12/27/2017 10:21,0
80,71,Feeling proud to have a friend like you,9/24/2017 3:40,1
81,71,I was an accomplice in my own frustration,7/30/2017 15:32,0
82,71,I am in depression,5/23/2017 18:20,0
83,71,Frustration is not a work plan,11-04-2017 14:21,0
84,71,Frustration is not a work plan,12/24/2017 15:01,0
85,71,Silence is one of the hardest arguments to refute,11/14/2017 22:37,0
86,71,Feeling Disgusting,06-08-2017 04:00,1
87,71,My amazing memory saves the day again!,07-01-2017 16:50,0
88,71,Feeling lonely,8/28/2017 19:17,1
89,76,The opposite of anger is not calmness its empathy,7/29/2017 14:10,0
90,76,Mika used my photo on tumblr,12/14/2017 11:20,0
91,76,Afraid of new technologies,8/22/2017 15:19,0
92,76,Mika used my photo on tumblr,02-09-2017 06:48,0
93,76,Feeling sad,06-08-2017 04:02,1
94,76,Feeling Disgusting,2/14/2017 2:53,1
95,76,A strong emotion of attachment one feels for someone else,8/24/2017 7:54,1
96,76,Its sad to know I am done. But looking back Ive got a lot of great memories,09-04-2017 01:58,0
97,76,Feeling something is wrong or nasty,06-02-2017 17:53,1
98,80,Feeling proud to be part of my company,5/21/2017 16:26,1
99,80,I feel stressed so much this week,12/16/2017 8:51,1
100,80,Be happy for this moment. This moment is your life,10/15/2017 0:27,0
101,80,Feeling sad,03-03-2017 03:03,1
102,80,I was an accomplice in my own frustration,12-07-2017 16:45,0
103,80,Feeling very happy,3/14/2017 12:36,1
104,80,Feeling alone,7/20/2017 9:30,1
105,80,Feeling proud to have a friend like you,12/15/2017 15:16,1
106,100,Get thrilled for your surprises,9/18/2017 1:56,0
107,100,Celebrations at weekend,8/26/2017 13:17,0
108,100,Celebrations at weekend,12/27/2017 16:42,0
109,100,I used to learn play on piano,08-01-2017 00:49,0
110,100,Frustration is not a work plan,5/26/2017 18:46,0
111,100,Get thrilled for your surprises,2/26/2017 17:00,0
112,100,Be happy for this moment. This moment is your life,7/21/2017 6:35,0
113,100,I feel relaxed,04-08-2017 02:49,1
114,100,Feeling sad,10-04-2017 00:05,1
115,100,Be happy for this moment. This moment is your life,05-07-2017 22:34,0
116,100,My amazing memory saves the day again!,1/22/2017 1:03,0
117,104,Silence is one of the hardest arguments to refute,09-04-2017 21:23,0
118,104,I like bike rides,9/23/2017 1:35,0
119,104,Cheerful with friends,10/29/2017 8:03,0
120,104,Get thrilled for your surprises,12/18/2017 12:43,0
121,104,I am in depression,7/17/2017 0:54,0
122,104,Feeling tensed,6/15/2017 0:43,1
123,104,Feeling tensed,6/25/2017 14:53,1
124,104,Tears come from the heart and not from the brain,10/24/2017 1:06,0
125,104,Feeling Disgusting,09-01-2017 14:47,1
126,104,Feeling something is wrong or nasty,01-11-2017 10:29,1
127,104,Passion about technologies,06-06-2017 08:15,0
128,104,Very little is needed to make a happy life it is all within yourself in your way of thinking,08-04-2017 15:31,0
129,108,Frightened of ghost,4/19/2017 2:52,0
130,108,Feeling tensed,1/26/2017 21:26,1
131,108,Very little is needed to make a happy life it is all within yourself in your way of thinking,7/19/2017 19:58,0
132,108,Silence is one of the hardest arguments to refute,10-11-2017 18:08,0
133,108,Celebrations at weekend,12/29/2017 9:41,0
134,108,My amazing memory saves the day again!,08-02-2017 13:46,0
135,108,Frightened of ghost,11-10-2017 02:31,0
136,108,My amazing memory saves the day again!,8/30/2017 12:46,0
137,108,Passion about technologies,02-03-2017 15:05,0
138,108,Expectation is the mother of all frustration,3/27/2017 14:49,0
139,108,Celebrations at weekend,11/26/2017 2:55,0
140,108,Some jerk stole my photo on tumblr,10/26/2017 16:55,0
141,108,School is very boring today,9/29/2017 0:03,0
142,108,Feeling something is wrong or nasty,5/13/2017 6:16,1
143,108,Feeling Disgusting,3/30/2017 3:49,1
144,108,I am going out to have a walk around,6/25/2017 12:20,0
145,108,I love music,3/22/2017 18:50,0
146,108,Feeling sad,1/28/2017 8:35,1
147,108,Be happy for this moment. This moment is your life,06-03-2017 19:14,0
148,108,Very little is needed to make a happy life it is all within yourself in your way of thinking,9/27/2017 7:42,0
149,108,Expectation is the mother of all frustration,5/13/2017 18:25,0
150,108,Get thrilled for your surprises,6/20/2017 5:21,0
151,108,I feel non-stressed,05-04-2017 12:54,1
152,108,Feeling alone,7/19/2017 15:10,1
153,108,Feeling left out,08-01-2017 16:18,1
154,108,Expectation is the mother of all frustration,8/25/2017 0:20,0
155,126,Frustration is not a work plan,6/17/2017 23:22,0
156,126,I am in depression,11-04-2017 00:35,0
157,126,Enjoyed a lot with friends,12-07-2017 04:02,0
158,126,Unsatisfied with Higher Authority,09-03-2017 14:36,0
159,126,Expectation is the mother of all frustration,2/23/2017 7:36,0
160,126,I am going out to have a walk around,02-06-2017 21:57,0
161,126,I am in depression,1/18/2017 0:09,0
162,126,Feeling alone,4/27/2017 3:58,1
163,126,Passion about mobiles,8/18/2017 22:37,0
164,126,I am in depression,7/27/2017 21:05,0
165,147,Feeling sad,5/23/2017 11:10,1
166,147,Unsatisfied with Higher Authority,11-05-2017 22:44,0
167,147,I love music,1/15/2017 22:20,0
168,147,Frightened of ghost,08-09-2017 12:13,0
169,147,Feeling proud to be part of my company,08-11-2017 15:27,1
170,147,I like bike rides,7/21/2017 10:30,0
171,147,The opposite of anger is not calmness its empathy,6/19/2017 4:55,0
172,147,Feeling tensed,4/23/2017 2:16,1
173,147,Feeling alone,9/16/2017 18:42,1
174,147,Feeling sad,5/22/2017 20:01,1
175,147,Cheerful with friends,11/26/2017 15:31,0
176,147,Feeling alone,12/13/2017 16:51,1
177,147,I feel stressed this week,06-03-2017 07:54,1
178,147,Celebrations at weekend,03-06-2017 15:20,0
179,147,Enjoyed a lot with friends,4/30/2017 3:47,0
180,147,Silence is one of the hardest arguments to refute,6/22/2017 0:07,0
181,147,Feeling nervous with higher authority,4/27/2017 11:39,1
182,147,I feel non-stressed,12-09-2017 03:14,1
183,147,My amazing memory saves the day again!,12/28/2017 10:20,0
184,163,Some jerk stole my photo on tumblr,11-11-2017 11:40,0
185,163,Passion about technologies,1/15/2017 15:30,0
186,163,Afraid of new technologies,11/30/2017 18:19,0
187,163,School is very boring today,1/20/2017 14:06,0
188,163,I am in danger,9/27/2017 9:38,0
189,163,Tears come from the heart and not from the brain,5/27/2017 21:05,0
190,163,Feeling Crazy,09-02-2017 13:39,1
191,163,My amazing memory saves the day again!,9/24/2017 7:17,0
192,163,Tears come from the heart and not from the brain,10/23/2017 3:04,0
193,163,Feeling sad,4/26/2017 15:36,1
194,163,The word happy would lose its meaning if it were not balanced by sadness,07-11-2017 06:11,0
195,163,I am bored,9/19/2017 22:52,0
196,163,Mika used my photo on tumblr,05-07-2017 04:36,0
197,186,Feeling something is wrong or nasty,4/27/2017 20:33,1
198,186,Afraid of new technologies,02-08-2017 04:51,0
199,186,I feel stressed so much this week,12/15/2017 2:13,1
200,186,Some jerk stole my photo on tumblr,05-07-2017 22:44,0
201,186,Be happy for this moment. This moment is your life,4/13/2017 3:49,0
202,186,Celebrations at weekend,5/20/2017 6:07,0
203,186,Its sad to know I am done. But looking back Ive got a lot of great memories,03-07-2017 16:50,0
204,186,Never make a decision when you are upset sad jealous or in love.,08-02-2017 16:49,0
205,193,Irritated with worst behavior,9/13/2017 15:46,0
206,193,Feeling alone,11/28/2017 20:39,1
207,193,Feeling Crazy,11/17/2017 5:27,1
208,193,Irritated with worst behavior,04-10-2017 06:37,0
209,193,I am in depression,03-07-2017 04:44,0
210,193,I feel stressed this week,02-03-2017 08:19,1
211,193,Unsatisfied with Higher Authority,8/15/2017 23:39,0
212,193,Get thrilled for your surprises,8/31/2017 3:33,0
213,193,Frustrated about work,03-11-2017 13:51,0
214,193,Cheerful with friends,09-06-2017 05:13,0
215,207,Very little is needed to make a happy life it is all within yourself in your way of thinking,01-03-2017 23:04,0
216,207,Feeling sad,12/16/2017 6:21,1
217,207,Frightened of ghost,8/26/2017 16:35,0
218,207,Cheerful with friends,8/25/2017 12:50,0
219,207,Feeling Crazy,08-06-2017 06:45,1
220,207,Irritated with worst behavior,2/28/2017 14:27,0
221,207,Cheerful with friends,09-03-2017 20:21,0
222,207,Feeling alone,7/22/2017 17:04,1
223,207,Never make a decision when you are upset sad jealous or in love.,05-12-2017 11:36,0
224,211,Tears come from the heart and not from the brain,4/30/2017 10:59,0
225,211,Feeling very happy,08-04-2017 11:39,1
226,211,I feel non-stressed,8/30/2017 2:42,1
227,211,I feel stressed this week,8/27/2017 21:34,1
228,211,Feeling proud to have a friend like you,08-08-2017 16:13,1
229,211,Get thrilled for your surprises,02-06-2017 21:42,0
230,211,Irritated with worst behavior,07-04-2017 07:34,0
231,211,Expectation is the mother of all frustration,03-06-2017 00:44,0
232,211,Feeling sad,10/18/2017 2:52,1
233,211,Feeling proud to be part of my company,06-04-2017 14:36,1
234,211,Cheerful with friends,8/17/2017 20:54,0
235,211,I like bike rides,12/18/2017 14:23,0
236,211,Silence is one of the hardest arguments to refute,08-12-2017 23:59,0
237,211,Feeling alone,12/23/2017 5:18,1
238,211,Never make a decision when you are upset sad jealous or in love.,02-03-2017 15:40,0
239,211,Feeling Disgusting,04-09-2017 13:25,1
240,211,Some jerk stole my photo on tumblr,07-03-2017 23:53,0
241,211,Feeling proud to have a friend like you,07-12-2017 21:25,1
242,211,Mika used my photo on tumblr,1/15/2017 11:22,0
243,211,Frustrated about work,11/15/2017 21:05,0
244,211,I am bored,09-08-2017 14:16,0
245,211,School is very boring today,09-07-2017 19:24,0
246,211,The word happy would lose its meaning if it were not balanced by sadness,07-12-2017 11:05,0
247,211,My amazing memory saves the day again!,10/16/2017 3:42,0
248,211,Silence is one of the hardest arguments to refute,4/30/2017 13:52,0
249,211,My amazing memory saves the day again!,01-11-2017 10:35,0
250,211,The opposite of anger is not calmness its empathy,01-12-2017 05:44,0
251,211,Irritated with worst behavior,05-01-2017 01:14,0
252,211,School is very boring today,5/18/2017 6:41,0
253,215,Feeling something is wrong or nasty,3/31/2017 17:54,1
254,215,Feeling very happy,11/18/2017 20:59,1
255,215,Frightened of ghost,11/21/2017 11:57,0
256,215,Passion about technologies,09-07-2017 13:37,0
257,215,I used to learn play on piano,11/15/2017 11:53,0
258,229,The word happy would lose its meaning if it were not balanced by sadness,07-09-2017 06:08,0
259,229,I feel stressed so much this week,02-07-2017 21:02,1
260,229,School is very boring today,07-07-2017 23:38,0
261,229,I am in depression,09-01-2017 09:27,0
262,229,Feeling very happy,7/27/2017 19:14,1
263,229,I am going out to have a walk around,6/25/2017 7:24,0
264,229,Feeling Crazy,07-10-2017 19:06,1
265,229,My amazing memory saves the day again!,12/15/2017 2:08,0
266,229,Feeling alone,10-10-2017 01:42,1
267,229,Feeling proud to have a friend like you,11-07-2017 21:30,1
268,229,Tears come from the heart and not from the brain,12/13/2017 1:13,0
270,234,I feel stressed so much this week,5/27/2017 3:53,1
271,234,Feeling alone,3/28/2017 17:46,1
272,234,Feeling Crazy,4/26/2017 4:08,1
273,234,Feeling very happy,06-02-2017 12:39,1
274,234,Passion about technologies,9/16/2017 18:43,0
275,234,Feeling lonely,12/17/2017 14:39,1
276,234,Afraid of new technologies,9/28/2017 11:09,0
277,234,Enjoyed a lot with friends,04-01-2017 16:09,0
278,234,Frustration is not a work plan,10-08-2017 18:14,0
279,234,Celebrations at weekend,6/20/2017 11:07,0
280,244,I love music,4/30/2017 2:23,0
281,244,Feeling Crazy,3/27/2017 1:56,1
282,244,I love music,8/21/2017 20:27,0
283,244,Feeling very happy,12/18/2017 12:18,1
284,244,Mika used my photo on tumblr,06-07-2017 06:15,0
285,244,Feeling nervous with higher authority,6/13/2017 21:57,1
286,244,Unsatisfied with Higher Authority,10/22/2017 1:37,0
287,244,Feeling Crazy,8/17/2017 1:32,1
288,244,Enjoyed a lot with friends,11/16/2017 12:11,0
289,244,School is very boring today,04-02-2017 21:34,0
290,249,Feeling tensed,05-08-2017 12:44,1
291,249,Feeling very happy,05-08-2017 19:25,1
292,249,Feeling proud to be part of my company,7/13/2017 22:39,1
293,249,Feeling nervous with higher authority,02-04-2017 13:13,1
294,249,Feeling proud to have a friend like you,11/30/2017 19:47,1
295,249,Frustrated about work,6/29/2017 13:18,0
296,249,Enjoyed a lot with friends,3/28/2017 14:56,0
297,249,I like bike rides,1/18/2017 18:04,0
298,249,Feeling something is wrong or nasty,2/18/2017 7:00,1
299,249,Feeling left out,01-06-2017 14:34,1
300,249,Feeling alone,10/15/2017 13:55,1
301,249,Feeling something is wrong or nasty,6/13/2017 5:46,1
302,252,Feeling very happy,08-10-2017 06:52,1
303,252,School is very boring today,02-12-2017 13:07,0
304,252,Expectation is the mother of all frustration,08-06-2017 16:55,0
305,252,A strong emotion of attachment one feels for someone else,11/14/2017 22:34,1
306,252,Irritated with worst behavior,2/18/2017 11:12,0
307,252,Passion about technologies,3/14/2017 16:59,0
308,265,Feeling tensed,4/17/2017 5:51,1
309,265,Frustrated about work,01-10-2017 15:52,0
310,265,Be happy for this moment. This moment is your life,11-06-2017 04:45,0
311,265,Passion about mobiles,7/31/2017 15:01,0
312,265,School is very boring today,10/20/2017 15:49,0
313,265,Feeling tensed,10-03-2017 05:00,1
314,265,Feeling Crazy,9/19/2017 22:32,1
315,265,A strong emotion of attachment one feels for someone else,6/24/2017 7:27,1
316,265,Never make a decision when you are upset sad jealous or in love.,1/30/2017 7:20,0
317,287,Frightened of ghost,05-02-2017 17:39,0
318,287,Some jerk stole my photo on tumblr,08-12-2017 07:38,0
319,287,I like bike rides,3/16/2017 7:39,0
320,287,Passion about technologies,10-09-2017 09:50,0
321,287,Get thrilled for your surprises,4/13/2017 19:35,0
322,287,Feeling something is wrong or nasty,4/25/2017 12:13,1
323,287,Its sad to know I am done. But looking back Ive got a lot of great memories,11-10-2017 14:17,0
324,290,I am in danger,10/28/2017 23:36,0
325,290,My amazing memory saves the day again!,07-03-2017 04:08,0
326,290,Frightened of ghost,5/21/2017 4:14,0
327,290,Passion about technologies,07-01-2017 01:38,0
328,290,I was an accomplice in my own frustration,2/28/2017 21:23,0
329,290,Unsatisfied with Higher Authority,2/17/2017 8:22,0
330,292,Frightened of ghost,11/16/2017 3:31,0
331,292,Feeling alone,08-12-2017 01:54,1
332,292,Frustrated about work,5/13/2017 2:36,0
333,292,My amazing memory saves the day again!,1/24/2017 17:19,0
334,292,Frustration is not a work plan,1/27/2017 12:30,0
335,292,Feeling tensed,01-04-2017 21:12,1
336,292,I was an accomplice in my own frustration,03-07-2017 07:22,0
337,292,I am bored,08-02-2017 01:51,0
338,292,School is very boring today,9/14/2017 10:21,0
339,292,Afraid of new technologies,3/16/2017 0:40,0
340,292,I am in danger,1/15/2017 10:06,0
341,292,Passion about mobiles,11/30/2017 21:06,0
342,296,Feeling lonely,02-02-2017 13:41,1
343,296,Passion about technologies,06-07-2017 01:43,0
344,296,I love music,7/23/2017 0:47,0
345,296,Frightened of ghost,12/15/2017 2:07,0
346,296,I am in depression,07-12-2017 14:09,0
347,300,Feeling Crazy,1/20/2017 12:24,1
348,300,Silence is one of the hardest arguments to refute,4/19/2017 4:54,0
349,300,Feeling tensed,1/29/2017 9:06,1
350,300,Feeling nervous with higher authority,6/28/2017 9:56,1
351,300,Feeling proud to have a friend like you,10/23/2017 4:39,1
352,300,Tears come from the heart and not from the brain,05-08-2017 01:01,0
353,300,Cheerful with friends,5/13/2017 23:56,0
354,300,Its sad to know I am done. But looking back Ive got a lot of great memories,06-07-2017 14:59,0
355,300,School is very boring today,10/23/2017 8:30,0
356,300,Tears come from the heart and not from the brain,7/22/2017 19:56,0
357,300,I am in danger,08-03-2017 16:30,0
358,300,Feeling alone,8/29/2017 13:44,1
359,300,I am bored,07-11-2017 16:43,0
360,300,Feeling sad,5/30/2017 3:59,1
361,300,Passion about technologies,05-11-2017 06:26,0
362,318,Tears come from the heart and not from the brain,8/22/2017 18:51,0
363,318,I like bike rides,08-06-2017 22:11,0
364,318,I am in danger,7/30/2017 14:37,0
365,318,Enjoyed a lot with friends,9/18/2017 14:02,0
366,318,Very little is needed to make a happy life it is all within yourself in your way of thinking,9/16/2017 15:57,0
367,318,Passion about mobiles,02-04-2017 02:12,0
368,318,I am going out to have a walk around,2/17/2017 17:11,0
369,318,Feeling left out,5/16/2017 3:00,1
370,318,I feel stressed so much this week,10/19/2017 13:56,1
371,327,The opposite of anger is not calmness its empathy,8/13/2017 19:21,0
372,327,The word happy would lose its meaning if it were not balanced by sadness,11/29/2017 21:18,0
373,327,Expectation is the mother of all frustration,3/24/2017 18:15,0
374,327,The opposite of anger is not calmness its empathy,7/29/2017 21:54,0
375,327,I feel stressed so much this week,03-02-2017 01:12,1
376,327,Never make a decision when you are upset sad jealous or in love.,4/15/2017 5:41,0
377,327,School is very boring today,6/29/2017 21:19,0
378,327,Afraid of new technologies,4/22/2017 3:28,0
379,341,The word happy would lose its meaning if it were not balanced by sadness,10/21/2017 13:04,0
380,341,Passion about technologies,10-10-2017 17:51,0
381,341,The opposite of anger is not calmness its empathy,12/26/2017 10:36,0
382,341,Feeling proud to be part of my company,03-02-2017 00:13,1
383,364,Feeling very happy,09-09-2017 08:30,1
384,364,I am going out to have a walk around,07-02-2017 17:44,0
385,364,I am going out to have a walk around,07-04-2017 21:58,0
386,364,Celebrations at weekend,11/20/2017 19:09,0
387,364,Celebrations at weekend,12-12-2017 23:04,0
388,364,Feeling lonely,04-02-2017 00:51,1
389,364,Tears come from the heart and not from the brain,03-02-2017 04:53,0
390,365,Frustration is not a work plan,1/22/2017 0:49,0
391,365,Feeling Crazy,07-10-2017 05:50,1
392,365,The word happy would lose its meaning if it were not balanced by sadness,09-02-2017 13:00,0
393,365,Feeling lonely,2/24/2017 13:53,1
394,365,A strong emotion of attachment one feels for someone else,9/30/2017 0:06,1
395,365,Feeling something is wrong or nasty,09-06-2017 02:17,1
396,365,Feeling lonely,07-03-2017 18:28,1
397,365,Be happy for this moment. This moment is your life,01-11-2017 00:59,0
398,365,Cheerful with friends,4/13/2017 10:19,0
399,365,Passion about mobiles,3/15/2017 11:04,0
400,398,Frustration is not a work plan,5/26/2017 1:33,0
401,398,Feeling proud to be part of my company,01-07-2017 15:16,1
402,398,Never make a decision when you are upset sad jealous or in love.,4/22/2017 22:07,0
403,398,Feeling alone,1/24/2017 7:43,1
404,398,Cheerful with friends,12-08-2017 00:46,0
405,398,Feeling lonely,3/26/2017 2:08,1
406,398,Feeling left out,10/15/2017 18:59,1
407,398,I feel stressed this week,5/22/2017 11:20,1
408,417,Feeling tensed,4/15/2017 6:24,1
409,417,Feeling Disgusting,11/15/2017 19:42,1
410,417,Feeling very happy,1/16/2017 2:53,1
411,417,Irritated with worst behavior,11/23/2017 8:19,0
412,417,Feeling sad,04-11-2017 10:08,1
413,417,Feeling tensed,11-06-2017 03:33,1
414,417,Celebrations at weekend,3/16/2017 12:23,0
415,417,Afraid of new technologies,08-10-2017 21:59,0
416,417,Frightened of ghost,06-06-2017 14:22,0
417,417,Mika used my photo on tumblr,10-10-2017 16:11,0
418,417,A strong emotion of attachment one feels for someone else,07-12-2017 10:48,1
419,417,Feeling proud to be part of my company,09-08-2017 23:11,1
420,418,Feeling Crazy,3/24/2017 1:15,1
421,418,Frightened of ghost,5/26/2017 20:55,0
422,418,Mika used my photo on tumblr,07-01-2017 01:05,0
423,418,Feeling very happy,06-03-2017 23:08,1
424,418,Very little is needed to make a happy life it is all within yourself in your way of thinking,05-08-2017 07:24,0
425,424,I am in depression,10/29/2017 21:50,0
426,424,I feel relaxed,05-11-2017 22:26,1
427,424,Feeling nervous with higher authority,02-06-2017 17:33,1
428,424,The word happy would lose its meaning if it were not balanced by sadness,3/28/2017 1:15,0
429,424,Feeling Disgusting,10/25/2017 6:49,1
430,424,Expectation is the mother of all frustration,3/14/2017 14:30,0
431,424,Passion about mobiles,01-11-2017 03:49,0
432,424,I feel relaxed,07-04-2017 17:39,1
433,424,I love music,03-12-2017 22:31,0
434,424,Silence is one of the hardest arguments to refute,06-05-2017 00:29,0
435,449,I feel non-stressed,05-01-2017 05:24,1
436,449,Tears come from the heart and not from the brain,5/26/2017 13:15,0
437,449,Expectation is the mother of all frustration,09-09-2017 12:35,0
438,449,Afraid of new technologies,8/14/2017 3:24,0
439,449,The opposite of anger is not calmness its empathy,10/14/2017 21:43,0
440,449,Frightened of ghost,9/14/2017 2:09,0
441,449,Mika used my photo on tumblr,12/14/2017 6:19,0
442,449,Feeling sad,10/19/2017 15:14,1
443,454,My amazing memory saves the day again!,11/19/2017 15:25,0
444,454,Mika used my photo on tumblr,12-06-2017 01:40,0
445,454,I am in danger,2/24/2017 14:34,0
446,454,Be happy for this moment. This moment is your life,04-02-2017 09:55,0
447,454,I love music,9/14/2017 5:54,0
448,454,A strong emotion of attachment one feels for someone else,8/30/2017 7:00,1
449,454,Feeling proud to be part of my company,3/26/2017 14:16,1
450,460,Tears come from the heart and not from the brain,12/24/2017 12:03,0
451,460,Passion about mobiles,11/29/2017 22:35,0
452,460,I feel stressed so much this week,03-03-2017 12:16,1
453,460,Its sad to know I am done. But looking back Ive got a lot of great memories,11-06-2017 22:48,0
454,460,Expectation is the mother of all frustration,04-01-2017 12:38,0
455,460,Afraid of new technologies,10-08-2017 00:54,0
456,460,Mika used my photo on tumblr,01-10-2017 14:20,0
457,460,I love music,08-05-2017 17:44,0
458,473,Feeling Crazy,8/19/2017 7:51,1
459,473,I feel relaxed,11/16/2017 18:29,1
460,473,Feeling Crazy,06-02-2017 17:27,1
461,473,My amazing memory saves the day again!,05-04-2017 00:43,0
462,473,I am in depression,05-03-2017 22:43,0
463,473,Tears come from the heart and not from the brain,9/19/2017 16:37,0
464,473,I feel relaxed,10/20/2017 9:05,1
465,474,Irritated with worst behavior,10/22/2017 11:14,0
466,474,The opposite of anger is not calmness its empathy,6/24/2017 2:08,0
467,474,Very little is needed to make a happy life it is all within yourself in your way of thinking,01-05-2017 19:55,0
468,474,Frightened of ghost,11/13/2017 11:24,0
469,474,Never make a decision when you are upset sad jealous or in love.,7/21/2017 22:34,0
470,474,The word happy would lose its meaning if it were not balanced by sadness,3/28/2017 15:46,0
471,474,Feeling something is wrong or nasty,04-02-2017 12:41,1
472,474,Feeling sad,8/26/2017 2:07,1
473,474,Frustration is not a work plan,08-06-2017 06:35,0
474,474,I love music,09-09-2017 08:10,0
475,474,I used to learn play on piano,2/18/2017 1:07,0
476,475,A strong emotion of attachment one feels for someone else,12-10-2017 15:08,1
477,475,Never make a decision when you are upset sad jealous or in love.,06-08-2017 15:39,0
478,475,Feeling alone,08-12-2017 07:01,1
479,475,I love music,01-04-2017 00:53,0
480,475,Frightened of ghost,2/28/2017 19:43,0
481,475,Frustrated about work,08-05-2017 10:09,0
482,475,Cheerful with friends,12/28/2017 6:28,0
483,486,Passion about technologies,6/14/2017 16:54,0
484,486,I love music,12/27/2017 16:48,0
485,486,I love music,10/22/2017 20:24,0
486,486,My amazing memory saves the day again!,8/30/2017 1:42,0
487,486,Feeling sad,5/22/2017 1:10,1
488,486,Frustrated about work,11/18/2017 12:51,0
489,486,Some jerk stole my photo on tumblr,7/18/2017 20:31,0
490,486,Feeling left out,10/24/2017 11:40,1
491,486,Mika used my photo on tumblr,5/23/2017 3:42,0
492,486,I feel non-stressed,1/28/2017 5:01,1
493,486,Feeling left out,06-07-2017 00:08,1
494,486,I used to learn play on piano,09-06-2017 08:29,0
495,486,Some jerk stole my photo on tumblr,05-03-2017 23:27,0
496,486,Frustration is not a work plan,8/28/2017 11:50,0
497,486,Silence is one of the hardest arguments to refute,09-12-2017 23:07,0
498,486,A strong emotion of attachment one feels for someone else,7/16/2017 3:05,1
499,486,Passion about mobiles,6/27/2017 3:58,0
500,486,Afraid of new technologies,1/17/2017 9:56,0
501,486,Tears come from the heart and not from the brain,5/27/2017 2:47,0
502,486,Expectation is the mother of all frustration,10/31/2017 21:12,0
503,486,I love music,1/16/2017 6:51,0
504,497,Feeling Crazy,5/26/2017 7:25,1
505,497,Afraid of new technologies,5/21/2017 9:41,0
506,497,Silence is one of the hardest arguments to refute,7/22/2017 18:27,0
507,497,Celebrations at weekend,11-06-2017 10:10,0
508,497,Very little is needed to make a happy life it is all within yourself in your way of thinking,1/14/2017 10:32,0
509,497,Frustration is not a work plan,08-08-2017 00:50,0
510,497,I feel relaxed,5/25/2017 23:20,1
511,497,I love music,01-02-2017 08:37,0
512,497,Very little is needed to make a happy life it is all within yourself in your way of thinking,07-02-2017 21:24,0
513,505,Passion about technologies,04-03-2017 16:03,0
514,505,Feeling Disgusting,3/21/2017 14:32,1
515,505,Feeling Crazy,10-01-2017 01:36,1
516,505,Get thrilled for your surprises,6/20/2017 21:49,0
517,505,My amazing memory saves the day again!,9/21/2017 3:57,0
518,505,I feel stressed this week,2/23/2017 19:13,1
519,505,Passion about technologies,01-03-2017 09:23,0
520,505,Feeling Crazy,2/27/2017 7:55,1
521,505,I love music,12/15/2017 9:38,0
522,508,Frightened of ghost,8/20/2017 11:34,0
523,508,Never make a decision when you are upset sad jealous or in love.,10/29/2017 18:42,0
524,508,I like bike rides,02-10-2017 21:29,0
525,508,Be happy for this moment. This moment is your life,7/20/2017 0:48,0
526,508,Unsatisfied with Higher Authority,1/30/2017 16:29,0
527,508,Unsatisfied with Higher Authority,07-11-2017 16:36,0
528,508,Never make a decision when you are upset sad jealous or in love.,04-11-2017 09:45,0
529,508,Passion about technologies,03-05-2017 14:28,0
530,508,Expectation is the mother of all frustration,02-04-2017 14:36,0
531,508,Expectation is the mother of all frustration,12-10-2017 04:46,0
532,518,Irritated with worst behavior,02-11-2017 22:02,0
533,518,Tears come from the heart and not from the brain,09-03-2017 21:01,0
534,518,Feeling Disgusting,03-12-2017 21:09,1
535,518,Mika used my photo on tumblr,12-02-2017 20:15,0
536,518,Very little is needed to make a happy life it is all within yourself in your way of thinking,06-03-2017 14:59,0
537,518,Feeling proud to have a friend like you,08-02-2017 11:42,1
538,518,Feeling Disgusting,4/14/2017 19:08,1
539,522,Celebrations at weekend,4/14/2017 0:09,0
540,522,I am in danger,10/25/2017 11:56,0
541,522,Very little is needed to make a happy life it is all within yourself in your way of thinking,11/26/2017 13:51,0
542,522,Be happy for this moment. This moment is your life,4/20/2017 7:40,0
543,522,Irritated with worst behavior,11/19/2017 19:31,0
544,522,I feel non-stressed,7/14/2017 1:44,1
545,522,Feeling proud to have a friend like you,3/21/2017 23:06,1
546,522,A strong emotion of attachment one feels for someone else,9/17/2017 15:29,1
547,522,I feel non-stressed,7/20/2017 7:32,1
548,522,Tears come from the heart and not from the brain,1/24/2017 17:24,0
549,522,Very little is needed to make a happy life it is all within yourself in your way of thinking,11-09-2017 16:13,0
550,531,School is very boring today,7/15/2017 20:20,0
551,531,My amazing memory saves the day again!,10/22/2017 5:09,0
552,531,I am going out to have a walk around,7/21/2017 5:17,0
553,531,Frustration is not a work plan,03-05-2017 00:42,0
554,531,Feeling nervous with higher authority,6/14/2017 19:36,1
555,531,The opposite of anger is not calmness its empathy,3/18/2017 3:18,0
556,531,Frustration is not a work plan,10/28/2017 18:18,0
557,532,School is very boring today,8/22/2017 19:15,0
558,532,Feeling Disgusting,3/23/2017 10:29,1
559,532,Feeling left out,02-03-2017 04:01,1
560,532,Frustrated about work,12/30/2017 21:49,0
561,532,Feeling proud to be part of my company,12-09-2017 07:39,1
562,532,Enjoyed a lot with friends,1/18/2017 8:38,0
563,532,Feeling sad,05-11-2017 17:51,1
564,532,I used to learn play on piano,11-12-2017 10:11,0
565,535,Unsatisfied with Higher Authority,7/30/2017 5:18,0
566,535,Frightened of ghost,7/28/2017 2:30,0
567,535,I feel stressed so much this week,6/17/2017 5:41,1
568,535,School is very boring today,8/27/2017 10:59,0
569,535,Frustration is not a work plan,6/14/2017 5:11,0
570,535,My amazing memory saves the day again!,8/31/2017 4:03,0
571,535,A strong emotion of attachment one feels for someone else,04-04-2017 16:04,1
572,535,Feeling Crazy,09-07-2017 01:45,1
573,535,Never make a decision when you are upset sad jealous or in love.,10-01-2017 20:59,0
574,535,Frustrated about work,03-01-2017 05:41,0
575,535,A strong emotion of attachment one feels for someone else,5/31/2017 2:42,1
576,535,I love music,03-04-2017 10:07,0
577,537,Get thrilled for your surprises,5/20/2017 12:23,0
578,537,I am bored,07-06-2017 19:09,0
579,537,Feeling sad,10/21/2017 18:30,1
580,537,Passion about mobiles,3/29/2017 13:54,0
581,537,Feeling proud to be part of my company,10/27/2017 6:23,1
582,537,Tears come from the heart and not from the brain,8/24/2017 23:09,0
583,537,School is very boring today,12/25/2017 22:49,0
584,537,I am in depression,8/19/2017 10:48,0
585,537,I feel relaxed,2/14/2017 2:46,1
586,580,Feeling Disgusting,8/20/2017 0:56,1
587,580,Frightened of ghost,07-01-2017 05:49,0
588,580,I feel relaxed,5/22/2017 19:28,1
589,580,I was an accomplice in my own frustration,08-09-2017 07:13,0
590,580,Never make a decision when you are upset sad jealous or in love.,7/14/2017 9:47,0
591,580,Be happy for this moment. This moment is your life,12-11-2017 17:37,0
592,580,I am bored,7/20/2017 5:23,0
593,580,Frustration is not a work plan,8/18/2017 11:26,0
594,580,Enjoyed a lot with friends,1/25/2017 16:24,0
595,580,Silence is one of the hardest arguments to refute,3/28/2017 5:40,0
596,580,Tears come from the heart and not from the brain,7/24/2017 13:44,0
597,580,Unsatisfied with Higher Authority,03-05-2017 06:30,0
598,580,I feel stressed so much this week,5/21/2017 22:15,1
599,580,Never make a decision when you are upset sad jealous or in love.,02-06-2017 04:09,0
600,589,Expectation is the mother of all frustration,4/15/2017 17:23,0
601,589,Never make a decision when you are upset sad jealous or in love.,3/26/2017 1:13,0
602,589,Its sad to know I am done. But looking back Ive got a lot of great memories,08-09-2017 20:53,0
603,589,Mika used my photo on tumblr,06-02-2017 01:56,0
604,589,Feeling Crazy,12/25/2017 18:41,1
605,589,A strong emotion of attachment one feels for someone else,6/26/2017 17:51,1
606,589,Frightened of ghost,10/13/2017 17:07,0
607,613,Celebrations at weekend,8/16/2017 3:07,0
608,613,Passion about mobiles,07-07-2017 15:54,0
609,613,Some jerk stole my photo on tumblr,5/15/2017 7:15,0
610,613,Frustrated about work,10-05-2017 04:00,0
611,613,Very little is needed to make a happy life it is all within yourself in your way of thinking,06-04-2017 13:49,0
612,613,Feeling Disgusting,5/17/2017 14:20,1
613,613,Silence is one of the hardest arguments to refute,5/23/2017 22:27,0
614,613,Feeling very happy,06-03-2017 10:30,1
615,613,Afraid of new technologies,02-01-2017 20:00,0
616,613,Feeling something is wrong or nasty,11-07-2017 10:20,1
617,613,Feeling proud to be part of my company,02-04-2017 06:08,1
618,616,Frustrated about work,06-05-2017 05:39,0
619,616,My amazing memory saves the day again!,01-05-2017 05:56,0
620,616,A strong emotion of attachment one feels for someone else,6/13/2017 12:31,1
621,616,Never make a decision when you are upset sad jealous or in love.,9/15/2017 2:35,0
622,616,Mika used my photo on tumblr,06-08-2017 05:21,0
623,616,I am in depression,11/30/2017 17:26,0
624,616,Feeling lonely,12-05-2017 09:41,1
625,616,I was an accomplice in my own frustration,8/23/2017 16:11,0
626,616,The word happy would lose its meaning if it were not balanced by sadness,10/25/2017 14:11,0
627,616,I was an accomplice in my own frustration,1/29/2017 17:09,0
628,622,Cheerful with friends,7/16/2017 2:51,0
629,622,I am going out to have a walk around,10-08-2017 09:52,0
630,622,The word happy would lose its meaning if it were not balanced by sadness,10/19/2017 2:49,0
631,622,Feeling sad,11/27/2017 19:04,1
632,622,Cheerful with friends,7/16/2017 9:44,0
633,622,School is very boring today,8/26/2017 3:00,0
634,622,Irritated with worst behavior,7/15/2017 20:45,0
635,622,My amazing memory saves the day again!,5/28/2017 0:41,0
636,622,Afraid of new technologies,04-05-2017 07:26,0
637,622,I feel relaxed,11/16/2017 6:58,1
638,622,I am in danger,08-04-2017 11:46,0
639,628,I was an accomplice in my own frustration,10-05-2017 19:19,0
640,628,Feeling something is wrong or nasty,5/24/2017 16:15,1
641,628,Get thrilled for your surprises,08-03-2017 08:04,0
642,628,Frustrated about work,2/23/2017 13:51,0
643,628,I love music,03-01-2017 01:56,0
644,628,Silence is one of the hardest arguments to refute,3/18/2017 9:25,0
645,628,Get thrilled for your surprises,7/19/2017 9:50,0
646,628,I am going out to have a walk around,1/24/2017 18:24,0
647,628,Feeling tensed,4/29/2017 18:08,1
648,628,Frightened of ghost,3/17/2017 3:01,0
649,628,My amazing memory saves the day again!,07-04-2017 20:44,0
650,628,Get thrilled for your surprises,8/19/2017 15:04,0
651,628,I feel non-stressed,11/15/2017 16:57,1
652,651,I used to learn play on piano,2/26/2017 22:25,0
653,651,Expectation is the mother of all frustration,5/21/2017 3:56,0
654,651,Feeling proud to be part of my company,09-02-2017 06:56,1
655,651,I love music,09-09-2017 20:39,0
656,651,I feel non-stressed,9/21/2017 11:18,1
657,651,Feeling Disgusting,12/13/2017 13:10,1
658,651,Feeling alone,04-05-2017 04:23,1
659,651,Cheerful with friends,8/30/2017 10:54,0
660,676,Irritated with worst behavior,04-08-2017 12:45,0
661,676,I used to learn play on piano,1/19/2017 4:01,0
662,676,Feeling nervous with higher authority,09-01-2017 22:32,1
663,676,I am in danger,10/20/2017 17:01,0
664,676,Afraid of new technologies,6/24/2017 16:37,0
665,676,Very little is needed to make a happy life it is all within yourself in your way of thinking,9/25/2017 17:07,0
666,676,Feeling proud to be part of my company,01-09-2017 00:20,1
667,676,Feeling tensed,03-09-2017 20:25,1
668,676,I feel stressed this week,05-07-2017 18:02,1
669,676,Feeling tensed,05-07-2017 12:48,1
670,676,Frightened of ghost,12/26/2017 3:28,0
671,676,Unsatisfied with Higher Authority,12-11-2017 01:11,0
672,676,I am going out to have a walk around,11/17/2017 11:16,0
673,676,Mika used my photo on tumblr,12/22/2017 1:43,0
674,676,Feeling very happy,09-02-2017 20:21,1
675,676,The word happy would lose its meaning if it were not balanced by sadness,12/24/2017 14:40,0
676,676,Unsatisfied with Higher Authority,12/17/2017 0:37,0
677,686,Mika used my photo on tumblr,1/17/2017 20:33,0
678,686,Feeling Crazy,4/22/2017 8:22,1
679,686,I used to learn play on piano,12/23/2017 10:59,0
680,686,Mika used my photo on tumblr,04-06-2017 07:34,0
681,686,I feel stressed this week,9/16/2017 22:07,1
682,686,I like bike rides,09-06-2017 20:29,0
683,686,A strong emotion of attachment one feels for someone else,4/14/2017 14:27,1
684,686,Feeling very happy,7/30/2017 16:29,1
685,686,Feeling tensed,8/23/2017 2:39,1
686,686,Feeling alone,9/23/2017 15:24,1
687,686,Frightened of ghost,9/23/2017 0:03,0
688,686,Feeling proud to be part of my company,9/16/2017 13:26,1
689,694,Frustration is not a work plan,5/19/2017 17:29,0
690,694,Feeling Crazy,2/24/2017 23:50,1
691,694,Enjoyed a lot with friends,9/14/2017 7:41,0
692,694,Afraid of new technologies,9/18/2017 22:35,0
693,694,I used to learn play on piano,06-01-2017 20:14,0
694,694,Passion about mobiles,9/30/2017 8:48,0
695,694,Feeling Crazy,12/17/2017 4:03,1
696,699,Cheerful with friends,12/26/2017 14:39,0
697,699,I am in depression,8/25/2017 10:34,0
698,699,Its sad to know I am done. But looking back Ive got a lot of great memories,08-05-2017 15:34,0
699,699,I am bored,10-01-2017 16:17,0
700,699,Feeling proud to be part of my company,5/23/2017 17:57,1
701,699,Afraid of new technologies,9/20/2017 0:21,0
702,699,Feeling alone,5/14/2017 10:44,1
703,699,Feeling alone,4/14/2017 23:38,1
704,699,I like bike rides,01-05-2017 22:48,0
705,699,Feeling nervous with higher authority,7/17/2017 21:51,1
706,699,Feeling left out,7/29/2017 22:36,1
707,699,Feeling alone,6/16/2017 10:00,1
708,700,I am bored,7/25/2017 5:12,0
709,700,Unsatisfied with Higher Authority,10/23/2017 19:54,0
710,700,Very little is needed to make a happy life it is all within yourself in your way of thinking,05-02-2017 17:11,0
711,700,Feeling something is wrong or nasty,01-03-2017 02:17,1
712,700,Expectation is the mother of all frustration,9/24/2017 23:52,0
713,700,I am in danger,9/28/2017 8:14,0
714,700,Feeling sad,10-12-2017 05:35,1
715,700,I am in danger,4/18/2017 10:04,0
716,700,Feeling something is wrong or nasty,6/18/2017 5:22,1
717,700,Feeling alone,05-11-2017 16:24,1
718,744,Feeling nervous with higher authority,04-11-2017 08:10,1
719,744,Feeling Crazy,02-08-2017 20:15,1
720,744,School is very boring today,8/18/2017 18:09,0
721,744,Never make a decision when you are upset sad jealous or in love.,9/23/2017 9:23,0
722,744,Silence is one of the hardest arguments to refute,10-07-2017 22:22,0
723,744,I used to learn play on piano,7/30/2017 6:39,0
724,744,Feeling left out,5/28/2017 14:41,1
725,781,I am in danger,5/23/2017 22:40,0
726,781,Expectation is the mother of all frustration,4/26/2017 6:37,0
727,781,Frightened of ghost,08-03-2017 05:05,0
728,781,I am in danger,1/13/2017 8:10,0
729,781,Very little is needed to make a happy life it is all within yourself in your way of thinking,11/28/2017 19:01,0
730,781,Frustrated about work,11/26/2017 5:09,0
731,781,Tears come from the heart and not from the brain,6/29/2017 22:12,0
732,781,Enjoyed a lot with friends,04-04-2017 16:48,0
733,781,Feeling nervous with higher authority,11-12-2017 05:51,1
734,781,Enjoyed a lot with friends,12-11-2017 02:18,0
735,781,I am bored,6/23/2017 0:15,0
736,781,Feeling left out,3/23/2017 6:25,1
737,781,Mika used my photo on tumblr,7/20/2017 11:43,0
738,781,Its sad to know I am done. But looking back Ive got a lot of great memories,06-06-2017 05:52,0
739,781,Passion about mobiles,1/24/2017 9:45,0
740,781,Mika used my photo on tumblr,12-04-2017 03:23,0
741,781,I love music,03-05-2017 14:09,0
742,781,Feeling left out,11-05-2017 02:28,1
743,781,Passion about technologies,3/27/2017 4:58,0
744,781,Afraid of new technologies,05-04-2017 13:26,0
745,781,Celebrations at weekend,07-11-2017 22:52,0
746,781,Get thrilled for your surprises,6/18/2017 18:32,0
747,781,Feeling Crazy,7/28/2017 11:19,1
748,782,Passion about mobiles,04-08-2017 05:53,0
749,782,Feeling left out,7/17/2017 4:05,1
750,782,I used to learn play on piano,10/31/2017 16:35,0
751,782,Never make a decision when you are upset sad jealous or in love.,10-03-2017 16:45,0
752,795,Feeling very happy,08-10-2017 05:48,1
753,795,Tears come from the heart and not from the brain,1/16/2017 21:09,0
754,795,Some jerk stole my photo on tumblr,08-12-2017 06:39,0
755,795,Passion about mobiles,6/18/2017 20:43,0
756,795,School is very boring today,10-07-2017 08:37,0
757,795,Frustration is not a work plan,7/16/2017 9:32,0
758,795,Feeling something is wrong or nasty,6/21/2017 3:47,1
759,795,Silence is one of the hardest arguments to refute,3/31/2017 20:26,0
760,811,Get thrilled for your surprises,11/16/2017 5:17,0
761,811,I am bored,03-04-2017 16:24,0
762,811,Feeling very happy,2/22/2017 0:05,1
763,811,I am going out to have a walk around,01-07-2017 19:55,0
764,811,Passion about technologies,06-03-2017 22:56,0
765,811,A strong emotion of attachment one feels for someone else,7/20/2017 16:42,1
766,811,Feeling very happy,05-02-2017 14:04,1
767,811,Celebrations at weekend,12/14/2017 9:44,0
768,811,The word happy would lose its meaning if it were not balanced by sadness,3/21/2017 7:26,0
769,811,I like bike rides,11/27/2017 4:55,0
770,811,I was an accomplice in my own frustration,6/23/2017 1:31,0
771,811,Unsatisfied with Higher Authority,02-01-2017 02:40,0
772,817,Feeling lonely,01-07-2017 02:23,1
773,817,The opposite of anger is not calmness its empathy,04-01-2017 20:47,0
774,817,Feeling Disgusting,9/14/2017 20:10,1
775,817,Expectation is the mother of all frustration,08-07-2017 10:41,0
776,817,Feeling alone,11-07-2017 02:17,1
777,823,Feeling very happy,11/16/2017 0:24,1
778,823,I feel stressed so much this week,5/30/2017 17:27,1
779,823,I was an accomplice in my own frustration,4/23/2017 0:26,0
780,823,Feeling proud to be part of my company,9/28/2017 21:58,1
781,823,Cheerful with friends,10-01-2017 09:46,0
782,823,The opposite of anger is not calmness its empathy,01-03-2017 10:08,0
783,823,Mika used my photo on tumblr,12-04-2017 16:07,0
784,838,I love music,7/21/2017 17:36,0
785,838,Feeling Crazy,1/31/2017 19:50,1
786,838,Feeling proud to have a friend like you,8/23/2017 17:05,1
787,838,I am in depression,4/19/2017 10:15,0
788,838,Feeling Crazy,01-08-2017 18:00,1
789,838,Feeling something is wrong or nasty,11/23/2017 8:51,1
790,838,Enjoyed a lot with friends,02-08-2017 10:46,0
791,838,Get thrilled for your surprises,4/23/2017 16:09,0
792,838,Frustration is not a work plan,2/22/2017 9:34,0
793,838,I am in danger,3/30/2017 15:17,0
794,838,Feeling nervous with higher authority,08-12-2017 10:55,1
795,844,I am going out to have a walk around,10-08-2017 03:27,0
796,844,Passion about mobiles,1/26/2017 17:01,0
797,844,Mika used my photo on tumblr,10/15/2017 0:22,0
798,844,I used to learn play on piano,04-01-2017 06:48,0
799,844,Enjoyed a lot with friends,1/17/2017 23:33,0
800,844,Feeling proud to be part of my company,2/20/2017 3:33,1
801,844,Feeling proud to have a friend like you,8/13/2017 10:25,1
802,844,The opposite of anger is not calmness its empathy,9/28/2017 21:53,0
803,844,Passion about technologies,10-08-2017 15:04,0
804,844,The opposite of anger is not calmness its empathy,5/19/2017 8:08,0
805,844,Feeling nervous with higher authority,3/15/2017 16:38,1
806,844,Passion about technologies,7/27/2017 21:14,0
807,859,I love music,12-06-2017 14:08,0
808,859,I am in danger,03-11-2017 06:14,0
809,859,Tears come from the heart and not from the brain,01-01-2017 15:15,0
810,859,Feeling sad,06-09-2017 10:33,1
811,859,Mika used my photo on tumblr,1/24/2017 0:40,0
812,859,Its sad to know I am done. But looking back Ive got a lot of great memories,04-06-2017 17:27,0
813,859,Feeling proud to have a friend like you,10/16/2017 21:20,1
814,859,I love music,5/31/2017 11:56,0
815,859,I like bike rides,10-05-2017 00:22,0
816,859,Get thrilled for your surprises,05-11-2017 09:34,0
817,859,Never make a decision when you are upset sad jealous or in love.,7/20/2017 1:12,0
818,875,I feel stressed this week,2/16/2017 8:53,1
819,875,Silence is one of the hardest arguments to refute,12-11-2017 16:58,0
820,875,Afraid of new technologies,02-03-2017 02:13,0
821,875,I like bike rides,1/22/2017 1:51,0
822,875,Feeling Disgusting,10-11-2017 20:13,1
823,875,I feel relaxed,09-12-2017 00:02,1
824,875,Frustrated about work,12/29/2017 22:48,0
825,875,Irritated with worst behavior,8/25/2017 13:57,0
826,875,Silence is one of the hardest arguments to refute,10/20/2017 21:36,0
827,875,Silence is one of the hardest arguments to refute,6/17/2017 11:22,0
828,875,Frustrated about work,1/17/2017 23:29,0
829,875,Feeling nervous with higher authority,03-06-2017 16:43,1
830,884,I love music,7/14/2017 10:57,0
831,884,I love music,10/15/2017 2:34,0
832,884,Unsatisfied with Higher Authority,03-01-2017 23:10,0
833,884,The opposite of anger is not calmness its empathy,9/25/2017 6:54,0
834,884,The opposite of anger is not calmness its empathy,04-08-2017 20:35,0
835,884,The opposite of anger is not calmness its empathy,4/19/2017 8:05,0
836,884,Enjoyed a lot with friends,11/30/2017 8:34,0
837,899,Frightened of ghost,7/16/2017 1:09,0
838,899,Be happy for this moment. This moment is your life,4/17/2017 6:11,0
839,899,Some jerk stole my photo on tumblr,9/28/2017 13:50,0
840,899,Feeling Crazy,04-09-2017 20:15,1
841,899,I used to learn play on piano,8/14/2017 10:50,0
842,902,Irritated with worst behavior,8/14/2017 18:44,0
843,902,Passion about technologies,09-07-2017 00:26,0
844,902,I was an accomplice in my own frustration,08-08-2017 07:22,0
845,902,Feeling alone,04-09-2017 04:21,1
846,902,Feeling something is wrong or nasty,09-02-2017 11:25,1
847,902,Frustration is not a work plan,11/22/2017 17:44,0
848,902,Feeling very happy,6/25/2017 17:27,1
849,905,I like bike rides,12-12-2017 01:29,0
850,905,Feeling very happy,11/24/2017 17:07,1
851,905,Get thrilled for your surprises,08-03-2017 01:56,0
852,905,Irritated with worst behavior,7/20/2017 11:37,0
853,905,Mika used my photo on tumblr,08-09-2017 23:32,0
854,905,I feel non-stressed,6/26/2017 16:58,1
855,905,I feel stressed this week,1/22/2017 5:49,1
856,905,I am bored,7/14/2017 11:14,0
857,905,I used to learn play on piano,05-03-2017 04:39,0
858,905,The opposite of anger is not calmness its empathy,5/29/2017 22:08,0
859,905,Mika used my photo on tumblr,07-07-2017 08:28,0
860,905,Silence is one of the hardest arguments to refute,12/30/2017 10:12,0
861,905,Feeling something is wrong or nasty,11-07-2017 22:17,1
862,905,Get thrilled for your surprises,6/27/2017 14:05,0
863,905,Silence is one of the hardest arguments to refute,06-04-2017 02:11,0
864,922,The opposite of anger is not calmness its empathy,7/29/2017 2:24,0
865,922,I feel relaxed,11/17/2017 19:25,1
866,922,Enjoyed a lot with friends,6/15/2017 18:39,0
867,922,Feeling Crazy,4/14/2017 8:35,1
868,922,The word happy would lose its meaning if it were not balanced by sadness,2/16/2017 19:56,0
869,922,Unsatisfied with Higher Authority,10-07-2017 01:31,0
870,922,Feeling Disgusting,4/19/2017 4:08,1
871,922,I used to learn play on piano,4/14/2017 1:30,0
872,922,Feeling proud to have a friend like you,9/13/2017 5:39,1
873,923,I used to learn play on piano,05-02-2017 05:56,0
874,923,Feeling left out,11/17/2017 16:41,1
875,923,Feeling Crazy,5/20/2017 9:29,1
876,923,Very little is needed to make a happy life it is all within yourself in your way of thinking,6/22/2017 21:42,0
877,923,Cheerful with friends,10-05-2017 01:40,0
878,923,Feeling tensed,2/26/2017 12:32,1
879,923,Afraid of new technologies,9/20/2017 22:55,0
880,923,Never make a decision when you are upset sad jealous or in love.,08-05-2017 16:09,0
881,923,The word happy would lose its meaning if it were not balanced by sadness,06-09-2017 13:40,0
882,923,Unsatisfied with Higher Authority,5/31/2017 18:07,0
883,923,Never make a decision when you are upset sad jealous or in love.,12/18/2017 19:02,0
884,923,Its sad to know I am done. But looking back Ive got a lot of great memories,7/21/2017 17:33,0
885,923,The opposite of anger is not calmness its empathy,2/15/2017 17:38,0
886,923,The word happy would lose its meaning if it were not balanced by sadness,9/19/2017 8:26,0
887,923,I feel relaxed,1/26/2017 0:15,1
888,933,Celebrations at weekend,1/24/2017 15:51,0
889,933,Its sad to know I am done. But looking back Ive got a lot of great memories,9/24/2017 7:51,0
890,933,Cheerful with friends,8/16/2017 16:22,0
891,933,Feeling nervous with higher authority,08-12-2017 05:57,1
892,933,Feeling proud to be part of my company,11-08-2017 12:24,1
893,933,I am in depression,2/22/2017 5:45,0
894,939,Feeling nervous with higher authority,12-01-2017 02:12,1
895,939,Feeling alone,04-06-2017 00:32,1
896,939,A strong emotion of attachment one feels for someone else,12/31/2017 1:22,1
897,939,Cheerful with friends,03-02-2017 23:35,0
898,939,A strong emotion of attachment one feels for someone else,6/30/2017 5:49,1
899,939,Feeling left out,7/23/2017 7:05,1
900,939,Feeling proud to be part of my company,03-05-2017 10:05,1
901,939,School is very boring today,08-07-2017 01:11,0
902,939,I was an accomplice in my own frustration,09-04-2017 09:56,0
903,939,Expectation is the mother of all frustration,4/26/2017 17:18,0
904,951,Feeling something is wrong or nasty,02-08-2017 13:47,1
905,951,A strong emotion of attachment one feels for someone else,09-08-2017 04:31,1
906,951,Feeling lonely,6/17/2017 5:47,1
907,951,I am going out to have a walk around,8/27/2017 10:43,0
908,951,Cheerful with friends,4/22/2017 9:46,0
909,951,I am bored,03-04-2017 20:22,0
910,951,Unsatisfied with Higher Authority,3/25/2017 10:58,0
911,951,Feeling Crazy,01-05-2017 17:27,1
912,951,Irritated with worst behavior,02-07-2017 07:57,0
913,951,Enjoyed a lot with friends,05-08-2017 14:43,0
914,951,Afraid of new technologies,2/24/2017 3:20,0
915,957,The word happy would lose its meaning if it were not balanced by sadness,7/16/2017 23:06,0
916,957,Cheerful with friends,12/16/2017 12:48,0
917,957,Feeling proud to have a friend like you,4/14/2017 16:12,1
918,957,Feeling proud to be part of my company,06-11-2017 01:28,1
919,957,School is very boring today,9/23/2017 3:47,0
920,957,I love music,06-03-2017 07:38,0
921,957,I feel stressed this week,1/29/2017 22:22,1
922,957,The opposite of anger is not calmness its empathy,2/26/2017 13:20,0
923,966,The word happy would lose its meaning if it were not balanced by sadness,12/14/2017 1:36,0
924,966,Frightened of ghost,8/31/2017 4:57,0
925,966,Cheerful with friends,06-04-2017 08:27,0
926,966,Feeling nervous with higher authority,12/29/2017 8:48,1
927,966,I feel stressed this week,9/16/2017 23:08,1
928,966,Get thrilled for your surprises,08-01-2017 12:00,0
929,966,The word happy would lose its meaning if it were not balanced by sadness,7/20/2017 9:14,0
930,966,I love music,6/23/2017 0:57,0
931,966,Feeling proud to have a friend like you,11/16/2017 18:51,1
932,966,The word happy would lose its meaning if it were not balanced by sadness,07-10-2017 20:36,0
933,966,I used to learn play on piano,05-10-2017 19:29,0
934,968,I am going out to have a walk around,5/13/2017 15:46,0
935,968,I was an accomplice in my own frustration,10/23/2017 4:20,0
936,968,I am bored,12-11-2017 13:06,0
937,968,Get thrilled for your surprises,06-10-2017 06:12,0
938,968,Feeling nervous with higher authority,06-09-2017 08:57,1
939,968,Tears come from the heart and not from the brain,03-09-2017 09:10,0
940,968,I used to learn play on piano,5/13/2017 6:17,0
941,974,Enjoyed a lot with friends,9/25/2017 6:49,0
942,974,Be happy for this moment. This moment is your life,2/15/2017 9:36,0
943,974,Feeling alone,3/29/2017 11:15,1
944,974,Mika used my photo on tumblr,1/13/2017 14:02,0
945,974,I like bike rides,9/28/2017 7:56,0
946,974,The word happy would lose its meaning if it were not balanced by sadness,7/30/2017 1:52,0
947,974,I love music,11/16/2017 3:11,0
948,974,Get thrilled for your surprises,1/16/2017 19:53,0
949,974,I feel non-stressed,9/18/2017 6:25,1
950,974,Expectation is the mother of all frustration,1/25/2017 8:27,0
951,986,Passion about mobiles,02-09-2017 10:55,0
952,986,A strong emotion of attachment one feels for someone else,4/19/2017 3:42,1
953,986,Passion about mobiles,12/23/2017 0:50,0
954,986,I feel relaxed,4/24/2017 5:46,1
955,986,Feeling Crazy,10/31/2017 11:08,1
956,986,Very little is needed to make a happy life it is all within yourself in your way of thinking,12/31/2017 9:48,0
957,986,The opposite of anger is not calmness its empathy,10/16/2017 23:48,0
958,986,Frightened of ghost,2/25/2017 14:55,0
959,986,Feeling very happy,10-05-2017 20:41,1
960,986,Feeling Crazy,3/30/2017 22:11,1
961,986,Get thrilled for your surprises,09-01-2017 22:34,0
962,995,Cheerful with friends,06-11-2017 19:50,0
963,995,Afraid of new technologies,07-11-2017 08:47,0
964,995,Feeling Disgusting,02-08-2017 21:04,1
965,995,Frustrated about work,9/19/2017 17:03,0
966,995,I feel non-stressed,06-08-2017 15:23,1
967,995,I feel stressed this week,12-06-2017 15:35,1
968,995,Feeling left out,04-01-2017 03:56,1
969,995,Feeling alone,7/14/2017 5:39,1
970,995,I love music,3/17/2017 20:42,0
971,995,Feeling proud to be part of my company,06-07-2017 08:40,1
972,995,Frightened of ghost,06-03-2017 05:35,0
973,995,The opposite of anger is not calmness its empathy,11-06-2017 12:57,0
974,999,Frightened of ghost,3/19/2017 5:53,0
975,999,Feeling Crazy,04-12-2017 19:25,1
976,999,Feeling proud to have a friend like you,12-09-2017 03:13,1
977,999,I am in danger,2/13/2017 4:48,0
978,999,The opposite of anger is not calmness its empathy,6/21/2017 2:58,0
